263693,119984,205312,65536,85327,913920,60032,2496,58382,37,42,37,6202,6202,41,420,1,155,69.0
313352,134454,254976,65536,120521,913920,60200,2496,58376,37,42,37,6261,6261,55,485,1,155,43.0
357268,117143,299520,65536,182376,913920,60200,2496,57748,37,42,37,6261,6261,67,537,1,155,36.0
405453,136052,348160,65536,212107,913920,60200,2496,57293,37,42,37,6261,6261,78,584,1,155,20.0
306159,31630,248320,65536,216689,913920,60200,2496,57839,37,42,37,6261,6261,89,633,1,155,15.0
176993,53047,119296,65536,66248,913920,60200,2496,57697,37,42,37,6261,6261,112,699,1,155,26.0
174372,42578,117248,65536,74669,913920,60456,2496,57124,37,42,37,6260,6261,157,827,2,293,6.0
177461,73352,120320,65536,46967,913920,60456,2496,57141,37,42,37,6260,6261,205,960,2,293,6.0
167174,35219,110080,65536,74860,913920,60456,2496,57094,37,42,37,6261,6262,260,1102,2,293,0.0
177433,60728,120320,65536,59599,913920,60456,2496,57113,37,42,37,6261,6262,308,1238,2,293,13.0
177950,93447,120832,65536,27442,913920,60456,2496,57120,37,42,37,6261,6262,364,1383,2,293,16.0
166152,47000,109056,65536,62055,913920,60456,2496,57096,37,42,37,6261,6262,420,1524,2,293,22.0
177297,51453,120320,65536,68866,913920,60456,2496,56977,37,42,37,6261,6262,469,1663,2,293,33.0
200403,80013,143360,65536,63346,913920,60456,2496,57043,37,42,37,6261,6262,520,1805,2,293,35.0
162015,30296,105472,65536,75175,913920,60456,2496,56543,37,42,37,6261,6262,568,1937,2,293,23.0
164065,34316,107520,65536,73203,913920,60456,2496,56545,37,42,37,6262,6263,626,2084,2,293,34.0
163562,65796,107008,65536,41211,913920,60456,2496,56554,37,42,37,6262,6263,678,2228,2,293,3.0
195315,25879,138752,65536,112872,913920,60456,2496,56563,37,42,37,6262,6263,727,2366,2,293,28.0
169200,68450,112640,65536,44189,913920,60456,2496,56560,37,42,37,6262,6263,782,2512,2,293,7.0
168683,57081,112128,65536,55046,913920,60456,2496,56555,37,42,37,6262,6263,837,2656,2,293,31.0
170250,44860,113664,65536,68803,913920,60456,2496,56586,37,42,37,6262,6263,887,2797,2,293,9.0
188710,64052,132096,65536,68043,913920,60456,2496,56614,37,42,37,6262,6263,939,2942,2,293,11.0
168744,67397,112128,65536,44780,913920,60456,2496,56616,37,42,37,6262,6263,993,3083,2,293,22.0
161594,57400,104960,65536,47559,913920,60456,2496,56634,37,42,37,6262,6263,1045,3222,2,293,23.0
183098,43785,126464,65536,82678,913920,60456,2496,56634,37,42,37,6262,6263,1099,3364,2,293,29.0
167213,71067,110592,65536,39524,913920,60456,2496,56621,37,42,37,6262,6263,1154,3509,2,293,17.0
166866,26104,110080,65536,83975,913920,60648,2496,56786,37,42,37,6262,6263,1207,3650,2,293,19.0
169426,55939,112640,65536,56700,913920,60648,2496,56786,37,42,37,6262,6263,1262,3794,2,293,15.0
184272,62996,127488,65536,64491,913920,60648,2496,56784,37,42,37,6262,6263,1316,3936,2,293,26.0
199667,99173,142848,65536,43674,913920,60648,2496,56819,45,50,45,6262,6263,1369,4076,2,293,43.0
192064,63422,135168,65536,71794,913920,60648,2496,56896,47,52,47,6262,6263,1412,4220,2,293,18.0
204979,22500,147968,65536,125467,913920,60776,2496,57011,47,52,47,6262,6263,1454,4363,2,293,38.0
183476,70094,126464,65536,56412,913920,60776,2496,57012,47,52,47,6262,6263,1500,4508,2,293,1.0
177336,56827,120320,65536,63492,913920,60776,2496,57016,47,52,47,6262,6263,1545,4652,2,293,18.0
198840,18125,141824,65536,123698,913920,60776,2496,57016,47,52,47,6262,6263,1590,4795,2,293,32.0
200998,44676,143872,65536,99195,913920,60776,2496,57126,47,52,47,6262,6263,1627,4944,2,293,19.0
159874,51239,102912,65536,51672,913920,60776,2496,56962,49,54,49,6212,6263,1672,5094,3,472,16.0
161410,77580,104448,65536,26867,913920,60776,2496,56962,49,54,49,6212,6263,1738,5283,3,472,30.0
158850,67153,101888,65536,34734,913920,60776,2496,56962,49,54,49,6212,6263,1802,5468,3,472,46.0
174191,64619,117248,65536,52628,913920,60776,2496,56943,49,54,49,6212,6263,1867,5654,3,472,33.0
163974,54786,107008,65536,52221,913920,60776,2496,56966,49,54,49,6212,6263,1928,5836,3,472,31.0
166039,57254,109056,65536,51801,913920,60776,2496,56983,49,54,49,6212,6263,1987,6021,3,472,12.0
162980,36634,105984,65536,69349,913920,60776,2496,56996,49,54,49,6212,6263,2051,6206,3,472,5.0
162964,14048,105984,65536,91935,913920,60776,2496,56980,49,54,49,6212,6263,2112,6388,3,472,34.0
168633,9793,111616,65536,101822,913920,60776,2496,57017,49,54,49,6212,6263,2178,6576,3,472,24.0
162489,32746,105472,65536,72725,913920,60776,2496,57017,49,54,49,6212,6263,2245,6767,3,472,18.0
162494,38097,105472,65536,67374,913920,60776,2496,57022,49,54,49,6212,6263,2317,6969,4,540,42.0
156862,69183,99840,65536,30664,913920,60776,2496,57022,49,54,49,6212,6263,2388,7172,4,540,22.0
155838,61183,98816,65536,37632,913920,60776,2496,57022,49,54,49,6212,6263,2455,7380,4,540,31.0
165577,23154,108544,65536,85389,913920,60776,2496,57033,49,54,49,6212,6263,2523,7578,4,540,31.0
150685,40990,93696,65536,52705,913920,60776,2496,56989,49,54,49,6212,6263,2597,7793,4,540,22.0
156838,15070,99840,65536,84769,913920,60776,2496,56998,49,54,49,6212,6263,2661,8008,4,540,26.0
171685,41052,114688,65536,73635,913920,60776,2496,56997,49,54,49,6212,6263,2730,8215,4,540,51.0
161925,14018,104960,65536,90941,913920,60776,2496,56965,49,54,49,6212,6263,2800,8421,4,540,21.0
155573,45499,98816,65536,53316,913920,60776,2496,56757,49,54,49,6212,6263,2876,8639,4,540,37.0
154037,63016,97280,65536,34263,913920,60776,2496,56757,49,54,49,6212,6263,2937,8850,5,633,10.0
166838,39111,110080,65536,71000,913920,60776,2496,56758,49,54,49,6212,6263,3003,9067,5,633,31.0
154550,51192,97792,65536,46599,913920,60776,2496,56758,49,54,49,6212,6263,3074,9288,5,633,51.0
162743,56033,105984,65536,49950,913920,60776,2496,56759,49,54,49,6212,6263,3150,9518,5,633,37.0
152503,45530,95744,65536,50213,913920,60776,2496,56759,49,54,49,6212,6263,3231,9741,5,633,17.0
148919,33434,92160,65536,58725,913920,60776,2496,56759,49,54,49,6212,6263,3312,9969,5,633,57.0
154036,29555,97280,65536,67724,913920,60776,2496,56756,49,54,49,6212,6263,3388,10190,5,633,33.0
147892,22866,91136,65536,68269,913920,60776,2496,56756,49,54,49,6212,6263,3465,10420,5,633,27.0
156083,12411,99328,65536,86916,913920,60776,2496,56755,49,54,49,6212,6263,3545,10647,5,633,37.0
147892,54068,91136,65536,37067,913920,60776,2496,56756,49,54,49,6212,6263,3630,10884,6,703,47.0
148413,61588,91648,65536,30059,913920,60776,2496,56765,49,54,49,6212,6263,3711,11119,6,703,24.0
147901,26111,91136,65536,65024,913920,60776,2496,56765,49,54,49,6212,6263,3801,11360,6,703,14.0
147391,27898,90624,65536,62725,913920,60776,2496,56767,49,54,49,6212,6263,3890,11602,6,703,15.0
156084,39337,99328,65536,59990,913920,60776,2496,56756,49,54,49,6212,6263,3976,11845,6,703,39.0
154036,44356,97280,65536,52948,913920,60776,2496,56756,49,54,49,6212,6263,4060,12082,6,703,22.0
151476,21396,94720,65536,73323,913920,60776,2496,56756,49,54,49,6212,6263,4146,12321,6,703,36.0
148899,21684,92160,65536,70475,913920,60776,2496,56739,49,54,49,6212,6263,4235,12568,6,703,55.0
146313,58931,89600,65536,30711,913920,60776,2496,56713,49,54,49,6212,6263,4321,12815,7,773,35.0
146313,41826,89600,65536,47773,913920,60776,2496,56713,49,54,49,6212,6263,4417,13071,7,773,20.0
148873,32229,92160,65536,59930,913920,60776,2496,56713,49,54,49,6212,6263,4518,13342,7,773,52.0
150921,46036,94208,65536,48171,913920,60776,2496,56713,49,54,49,6212,6263,4611,13602,7,773,28.0
149897,14795,93184,65536,78388,913920,60776,2496,56713,49,54,49,6212,6263,4701,13846,7,773,24.0
150946,37871,94208,65536,56359,913920,60776,2496,56738,49,54,49,6212,6263,4793,14101,7,773,23.0
147393,19200,90624,65536,71431,913920,60776,2496,56769,49,54,49,6212,6263,4878,14342,7,773,19.0
147905,51654,91136,65536,39481,913920,60776,2496,56769,49,54,49,6212,6263,4969,14596,8,847,11.0
145345,51544,88576,65536,37031,913920,60776,2496,56769,49,54,49,6212,6263,5059,14842,8,847,28.0
144321,50121,87552,65536,37450,913920,60776,2496,56769,49,54,49,6212,6263,5153,15098,8,847,7.0
146881,41972,90112,65536,48139,913920,60776,2496,56769,49,54,49,6212,6263,5248,15356,8,847,51.0
150465,22287,93696,65536,71408,913920,60776,2496,56769,49,54,49,6212,6263,5339,15609,8,847,8.0
149441,25447,92672,65536,67224,913920,60776,2496,56769,49,54,49,6212,6263,5432,15878,8,847,34.0
152526,45720,95744,65536,50023,913920,60776,2496,56782,49,54,49,6212,6263,5526,16139,8,847,32.0
172871,41537,116224,65536,74686,913920,60776,2496,56647,52,57,52,6212,6263,5591,16391,8,847,346.0
162119,45101,105472,65536,60370,913920,60776,2496,56647,52,57,52,6212,6263,5636,16549,8,847,47.0
159559,79554,102912,65536,23357,913920,60776,2496,56647,52,57,52,6212,6263,5698,16779,9,922,45.0
142152,36270,85504,65536,49233,913920,60776,2496,56648,52,57,52,6212,6263,5771,17003,9,922,37.0
145224,47733,88576,65536,40842,913920,60776,2496,56648,52,57,52,6212,6263,5834,17217,9,922,65.0
159048,41043,102400,65536,61356,913920,60776,2496,56648,52,57,52,6212,6263,5897,17435,9,922,67.0
166732,21047,110080,65536,89032,913920,60776,2496,56652,52,57,52,6212,6263,5974,17690,9,922,61.0
169804,37065,113152,65536,76086,913920,60776,2496,56652,52,57,52,6212,6263,6034,17938,9,922,37.0
155981,53407,99328,65536,45920,913920,60776,2496,56653,52,57,52,6212,6263,6110,18187,9,922,46.0
149837,21706,93184,65536,71477,913920,60776,2496,56653,52,57,52,6212,6263,6197,18444,9,922,19.0
148301,8891,91648,65536,82756,913920,60776,2496,56653,52,57,52,6212,6263,6294,18708,9,922,22.0
165716,72131,109056,65536,36924,913920,60776,2496,56660,52,57,52,6212,6263,6351,18960,10,993,33.0
144212,47515,87552,65536,40036,913920,60776,2496,56660,52,57,52,6212,6263,6443,19211,10,993,7.0
141654,46419,84992,65536,38626,913920,60776,2496,56662,52,57,52,6212,6263,6536,19468,10,993,14.0
147788,53132,91136,65536,38003,913920,60776,2496,56652,52,57,52,6212,6263,6631,19729,10,993,10.0
152875,14758,96256,65536,81497,913920,60776,2496,56619,52,57,52,6212,6263,6708,19978,10,993,24.0
164139,52435,107520,65536,55115,913920,60776,2496,56619,52,57,52,6212,6263,6784,20234,10,993,33.0
152363,21036,95744,65536,74707,913920,60776,2496,56619,52,57,52,6212,6263,6866,20477,10,993,34.0
143138,7300,86528,65536,79227,913920,60776,2496,56610,52,57,52,6212,6263,6962,20738,10,993,51.0
161570,52586,104960,65536,52373,913920,60776,2496,56610,52,57,52,6212,6263,7039,20986,11,1068,34.0
150306,52618,93696,65536,41077,913920,60776,2496,56610,52,57,52,6212,6263,7127,21235,11,1068,19.0
150818,22010,94208,65536,72197,913920,60776,2496,56610,52,57,52,6212,6263,7199,21485,11,1068,37.0
142114,23629,85504,65536,61874,913920,60776,2496,56610,52,57,52,6212,6263,7297,21755,11,1068,156.0
164105,53714,107520,65536,53805,913920,60776,2496,56585,64,69,64,6212,6263,7377,22019,11,1068,66.0
151825,4157,95232,65536,91074,913920,60776,2496,56593,73,78,73,6212,6263,7450,22286,11,1068,8.0
159512,53960,102912,65536,48951,913920,60776,2496,56600,73,78,73,6212,6263,7526,22543,12,1142,27.0
153362,35447,96768,65536,61332,913920,60776,2496,56594,73,78,73,6212,6263,7607,22797,12,1142,31.0
156432,50345,99840,65536,49494,913920,60776,2496,56592,73,78,73,6212,6263,7681,23054,12,1142,38.0
164637,13039,108032,65536,94992,913920,60776,2496,56605,73,78,73,6212,6263,7757,23311,12,1142,41.0
159519,32281,102912,65536,70630,913920,60776,2496,56607,73,78,73,6212,6263,7837,23580,13,1210,34.0
149279,46436,92672,65536,46235,913920,60776,2496,56607,73,78,73,6212,6263,7922,23847,13,1210,68.0
161567,17686,104960,65536,87273,913920,60776,2496,56607,73,78,73,6212,6263,7994,24107,13,1210,35.0
155424,45971,98816,65536,52852,913920,60776,2496,56608,73,78,73,6212,6263,8060,24366,13,1210,32.0
172320,36202,115712,65536,79509,913920,60776,2496,56608,73,78,73,6212,6263,8131,24633,13,1210,38.0
164128,57107,107520,65536,50433,913920,60776,2496,56608,73,78,73,6212,6263,8198,24891,14,1280,13.0
150323,29352,93696,65536,64343,913920,60776,2496,56627,73,78,73,6212,6263,8269,25147,14,1280,2.0
154931,49504,98304,65536,48799,913920,60776,2496,56627,73,78,73,6212,6263,8350,25407,14,1280,20.0
146227,32503,89600,65536,57108,913920,60776,2496,56627,73,78,73,6212,6263,8432,25673,14,1280,11.0
156467,62972,99840,65536,36867,913920,60776,2496,56627,73,78,73,6212,6263,8510,25937,15,1349,49.0
158006,36867,101376,65536,64508,913920,60776,2496,56630,73,78,73,6212,6263,8578,26188,15,1349,39.0
153408,55226,96768,65536,41555,913920,60776,2496,56640,73,78,73,6212,6263,8659,26459,15,1349,32.0
143689,33984,87040,65536,53055,913920,60776,2496,56639,73,78,73,6212,6263,8727,26713,15,1349,18.0
171317,28914,114688,65536,85773,913920,60776,2496,56629,73,78,73,6212,6263,8790,26968,15,1349,53.0
153926,47308,97280,65536,49989,913920,60776,2496,56646,73,78,73,6212,6263,8860,27220,16,1418,10.0
147295,52222,90624,65536,38401,913920,60776,2496,56671,73,78,73,6212,6263,8934,27481,16,1418,37.0
164203,64877,107520,65536,42642,913920,60776,2496,56683,73,78,73,6212,6263,8994,27727,16,1418,54.0
159595,31650,102912,65536,71261,913920,60776,2496,56683,73,78,73,6212,6263,9064,27987,16,1418,153.0
171406,56498,114688,65536,58211,913920,60776,2496,56718,73,78,73,6212,6263,9127,28244,16,1418,31.0
147855,45567,91136,65536,45568,913920,60776,2496,56719,73,78,73,6213,6264,9181,28479,17,1486,69.0
162703,55564,105984,65536,50439,913920,60776,2496,56719,73,78,73,6213,6264,9237,28727,17,1486,33.0
151951,55777,95232,65536,39454,913920,60776,2496,56719,73,78,73,6213,6264,9302,28980,17,1486,62.0
175482,65770,118784,65536,53013,913920,60776,2496,56698,73,78,73,6213,6264,9341,29230,17,1486,68.0
155002,12510,98304,65536,85793,913920,60776,2496,56698,73,78,73,6213,6264,9383,29452,17,1486,52.0
153978,6638,97280,65536,90656,913920,60776,2496,56698,73,78,73,6213,6264,9453,29713,17,1486,30.0
151894,49278,95232,65536,45953,913920,60776,2496,56662,73,78,73,6213,6264,9504,29967,18,1566,63.0
148874,37094,92160,65536,55093,913920,60776,2496,56714,73,78,73,6213,6264,9576,30227,18,1566,53.0
151946,26610,95232,65536,68643,913920,60776,2496,56714,73,78,73,6213,6264,9642,30491,18,1566,53.0
141253,20365,84480,65536,64114,913920,60776,2496,56773,73,78,73,6213,6264,9707,30731,18,1566,15.0
148933,40266,92160,65536,51893,913920,60776,2496,56773,73,78,73,6213,6264,9794,31005,18,1566,45.0
143301,29530,86528,65536,56997,913920,60776,2496,56773,73,78,73,6213,6264,9876,31264,19,1633,37.0
137669,15692,80896,65536,65203,913920,60776,2496,56773,73,78,73,6213,6264,9958,31522,19,1633,47.0
143813,31662,87040,65536,55377,913920,60776,2496,56773,73,78,73,6213,6264,10039,31791,19,1633,48.0
141765,17747,84992,65536,67255,913920,60776,2496,56773,73,78,73,6213,6264,10117,32057,19,1633,72.0
140741,44178,83968,65536,39789,913920,60776,2496,56773,73,78,73,6213,6264,10192,32312,20,1703,31.0
145861,33247,89088,65536,55840,913920,60776,2496,56773,73,78,73,6213,6264,10278,32579,20,1703,32.0
177605,45886,120832,65536,74945,913920,60776,2496,56773,73,78,73,6213,6264,10345,32842,20,1703,49.0
152005,5944,95232,65536,89287,913920,60776,2496,56773,73,78,73,6213,6264,10420,33079,20,1703,31.0
146373,55122,89600,65536,34477,913920,60776,2496,56773,73,78,73,6213,6264,10497,33346,21,1769,54.0
143301,50775,86528,65536,35752,913920,60776,2496,56773,73,78,73,6213,6264,10589,33618,21,1769,36.0
142789,17485,86016,65536,68530,913920,60776,2496,56773,73,78,73,6213,6264,10676,33885,21,1769,15.0
149957,14432,93184,65536,78751,913920,60776,2496,56773,73,78,73,6213,6264,10756,34152,21,1769,47.0
148935,26230,92160,65536,65929,913920,60776,2496,56775,73,78,73,6213,6264,10846,34425,22,1837,0.0
150471,23539,93696,65536,70156,913920,60776,2496,56775,73,78,73,6213,6264,10932,34691,22,1837,22.0
146375,46799,89600,65536,42868,913920,60776,2496,56775,73,78,73,6213,6264,11018,34960,22,1837,51.0
160199,51426,103424,65536,52034,913920,60776,2496,56775,73,78,73,6213,6264,11106,35242,22,1837,53.0
142791,34835,86016,65536,51180,913920,60776,2496,56775,73,78,73,6213,6264,11186,35500,23,1905,47.0
141255,27927,84480,65536,56552,913920,60776,2496,56775,73,78,73,6213,6264,11266,35753,23,1905,48.0
152519,41722,95744,65536,54021,913920,60776,2496,56775,73,78,73,6213,6264,11344,36021,23,1905,31.0
158663,37171,101888,65536,64716,913920,60776,2496,56775,73,78,73,6213,6264,11423,36279,23,1905,53.0
163271,78410,106496,65536,28085,913920,60776,2496,56775,73,78,73,6213,6264,11496,36549,24,2078,39.0
194503,98636,137728,65536,39091,913920,60776,2496,56775,73,78,73,6213,6264,11559,36843,24,2078,49.0
164807,70709,108032,65536,37341,913920,60776,2496,56775,73,78,73,6213,6264,11591,37001,24,2078,39.0
152007,32725,95232,65536,62539,913920,60776,2496,56775,73,78,73,6213,6264,11670,37247,24,2078,40.0
141772,40263,84992,65536,44728,913920,60776,2496,56780,73,78,73,6213,6264,11756,37509,24,2078,52.0
147404,45743,90624,65536,44880,913920,60776,2496,56780,73,78,73,6213,6264,11837,37763,25,2147,31.0
147921,33420,91136,65536,57715,913920,60776,2496,56785,73,78,73,6213,6264,11925,38028,25,2147,53.0
154067,40396,97280,65536,56883,913920,60776,2496,56787,73,78,73,6213,6264,12014,38296,25,2147,47.0
152534,11426,95744,65536,84317,913920,60776,2496,56790,73,78,73,6213,6264,12099,38555,25,2147,47.0
141269,42364,84480,65536,42139,913920,60776,2496,56789,73,78,73,6213,6264,12183,38814,26,2212,42.0
164314,56565,107520,65536,50954,913920,60776,2496,56794,73,78,73,6213,6264,12271,39083,26,2212,37.0
145370,27694,88576,65536,60881,913920,60776,2496,56794,73,78,73,6213,6264,12323,39270,26,2212,31.0
149985,50074,93184,65536,43109,913920,60776,2496,56801,73,78,73,6213,6264,12406,39530,26,2212,48.0
143841,6197,87040,65536,80842,913920,60776,2496,56801,73,78,73,6213,6264,12480,39789,26,2212,47.0
144871,45116,88064,65536,42947,913920,60776,2496,56807,73,78,73,6213,6264,12549,40050,27,2290,61.0
141799,33136,84992,65536,51855,913920,60776,2496,56807,73,78,73,6213,6264,12639,40322,27,2290,52.0
140775,30333,83968,65536,53634,913920,60776,2496,56807,73,78,73,6213,6264,12721,40582,27,2290,28.0
142311,27657,85504,65536,57846,913920,60776,2496,56807,73,78,73,6213,6264,12809,40852,27,2290,56.0
140775,30093,83968,65536,53874,913920,60776,2496,56807,73,78,73,6213,6264,12899,41128,28,2358,30.0
144359,45785,87552,65536,41766,913920,60776,2496,56807,73,78,73,6213,6264,12989,41399,28,2358,27.0
151015,14836,94208,65536,79371,913920,60776,2496,56807,73,78,73,6213,6264,13074,41661,28,2358,42.0
140263,31520,83456,65536,51935,913920,60776,2496,56807,73,78,73,6213,6264,13164,41934,28,2358,54.0
144359,56838,87552,65536,30713,913920,60776,2496,56807,73,78,73,6213,6264,13246,42195,29,2425,31.0
142823,25743,86016,65536,60272,913920,60776,2496,56807,73,78,73,6213,6264,13333,42462,29,2425,46.0
148455,48220,91648,65536,43450,913920,60776,2496,56807,73,78,73,6213,6264,13419,42731,29,2425,47.0
143335,17105,86528,65536,69435,913920,60776,2496,56807,73,78,73,6213,6264,13501,42989,29,2425,56.0
141799,36900,84992,65536,48102,913920,60776,2496,56807,73,78,73,6213,6264,13590,43259,30,2493,32.0
139750,22370,82944,65536,60573,913920,60776,2496,56806,73,78,73,6213,6264,13672,43520,30,2493,67.0
142310,32872,85504,65536,52631,913920,60776,2496,56806,73,78,73,6213,6264,13758,43787,30,2493,48.0
140262,10969,83456,65536,72486,913920,60776,2496,56806,73,78,73,6213,6264,13846,44058,30,2493,51.0
161254,71815,104448,65536,32651,913920,60776,2496,56806,73,78,73,6213,6264,13933,44327,31,2559,55.0
151014,22772,94208,65536,71451,913920,60776,2496,56806,73,78,73,6213,6264,14014,44585,31,2559,60.0
143338,27801,86528,65536,58739,913920,60776,2496,56810,73,78,73,6213,6264,14103,44857,31,2559,48.0
143850,35664,87040,65536,51375,913920,60776,2496,56810,73,78,73,6213,6264,14192,45133,32,2628,6.0
147439,57893,90624,65536,32730,913920,60776,2496,56815,73,78,73,6213,6264,14283,45409,32,2628,47.0
144879,10638,88064,65536,77425,913920,60776,2496,56815,73,78,73,6213,6264,14367,45668,32,2628,41.0
137711,17530,80896,65536,63365,913920,60776,2496,56815,73,78,73,6213,6264,14459,45945,32,2628,47.0
146420,52777,89600,65536,36834,913920,60776,2496,56820,73,78,73,6213,6264,14547,46223,33,2692,62.0
136692,19718,79872,65536,60153,913920,60776,2496,56820,73,78,73,6213,6264,14635,46493,33,2692,46.0
144372,17837,87552,65536,69714,913920,60776,2496,56820,73,78,73,6213,6264,14722,46762,33,2692,73.0
139255,4487,82432,65536,77944,913920,60776,2496,56823,73,78,73,6213,6264,14803,47027,33,2692,69.0
142281,20609,85504,65536,64894,913920,60776,2496,56777,73,78,73,6213,6264,14885,47283,34,2758,54.0
160212,53259,103424,65536,50164,913920,60776,2496,56788,73,78,73,6213,6264,14965,47544,34,2758,16.0
137684,20958,80896,65536,59937,913920,60776,2496,56788,73,78,73,6213,6264,15047,47800,34,2758,38.0
145364,58890,88576,65536,29685,913920,60776,2496,56788,73,78,73,6213,6264,15136,48064,35,2824,23.0
147412,59424,90624,65536,31199,913920,60776,2496,56788,73,78,73,6213,6264,15216,48318,35,2824,49.0
147924,40589,91136,65536,50546,913920,60776,2496,56788,73,78,73,6213,6264,15298,48577,35,2824,31.0
148948,31625,92160,65536,60534,913920,60776,2496,56788,73,78,73,6213,6264,15383,48846,35,2824,47.0
140756,23342,83968,65536,60625,913920,60776,2496,56788,73,78,73,6213,6264,15460,49103,36,2893,84.0
141268,32334,84480,65536,52145,913920,60776,2496,56788,73,78,73,6213,6264,15543,49364,36,2893,21.0
141274,30708,84480,65536,53771,913920,60776,2496,56794,73,78,73,6213,6264,15633,49642,36,2893,53.0
139236,6167,82432,65536,76264,913920,60776,2496,56804,73,78,73,6213,6264,15715,49904,36,2893,54.0
136164,23067,79360,65536,56292,913920,60776,2496,56804,73,78,73,6213,6264,15802,50174,37,2958,53.0
144356,13747,87552,65536,73804,913920,60776,2496,56804,73,78,73,6213,6264,15884,50440,37,2958,58.0
140260,7644,83456,65536,75811,913920,60776,2496,56804,73,78,73,6213,6264,15968,50705,37,2958,53.0
145380,37163,88576,65536,51412,913920,60776,2496,56804,73,78,73,6213,6264,16048,50968,38,3023,66.0
146406,56929,89600,65536,32670,913920,60776,2496,56806,73,78,73,6213,6264,16132,51236,38,3023,66.0
142822,43295,86016,65536,42720,913920,60776,2496,56806,73,78,73,6213,6264,16219,51506,38,3023,47.0
148966,11740,92160,65536,80419,913920,60776,2496,56806,73,78,73,6213,6264,16305,51773,38,3023,66.0
149990,41031,93184,65536,52166,913920,60776,2496,56806,73,78,73,6213,6264,16388,52038,39,3088,11.0
138726,45667,81920,65536,36252,913920,60776,2496,56806,73,78,73,6213,6264,16473,52302,39,3088,48.0
140262,28818,83456,65536,54637,913920,60776,2496,56806,73,78,73,6213,6264,16558,52570,39,3088,47.0
142822,29077,86016,65536,57687,913920,60776,2496,56806,73,78,73,6213,6264,16642,52831,39,3088,37.0
144871,53732,88064,65536,34331,913920,60776,2496,56807,73,78,73,6213,6264,16724,53090,40,3152,56.0
169508,30980,112640,65536,81659,913920,60776,2496,56868,85,90,85,6213,6264,16792,53361,40,3152,23.0
149028,12223,92160,65536,79944,913920,60776,2496,56868,85,90,85,6213,6264,16861,53632,40,3152,54.0
148516,36548,91648,65536,55109,913920,60776,2496,56868,85,90,85,6213,6264,16932,53905,40,3152,0.0
149028,40285,92160,65536,51874,913920,60776,2496,56868,85,90,85,6213,6264,17008,54190,40,3152,59.0
145436,8921,88576,65536,79654,913920,60776,2496,56860,85,90,85,6213,6264,17081,54464,40,3152,54.0
149533,47261,92672,65536,45410,913920,60776,2496,56862,85,90,85,6213,6264,17154,54732,41,3236,44.0
157704,43926,100864,65536,56937,913920,60776,2496,56840,85,90,85,6213,6264,17211,54997,41,3236,78.0
153104,53070,96256,65536,43185,913920,60776,2496,56848,85,90,85,6213,6264,17284,55267,41,3236,69.0
152080,19690,95232,65536,75541,913920,60776,2496,56848,85,90,85,6213,6264,17332,55502,41,3236,64.0
159248,61794,102400,65536,40605,913920,60776,2496,56848,85,90,85,6213,6264,17404,55778,41,3236,44.0
157201,36148,100352,65536,64203,913920,60776,2496,56849,85,90,85,6213,6264,17469,56048,41,3236,85.0
153617,41178,96768,65536,55605,913920,60776,2496,56849,85,90,85,6213,6264,17539,56321,41,3236,66.0
150033,12734,93184,65536,80449,913920,60776,2496,56849,85,90,85,6213,6264,17607,56587,41,3236,49.0
159249,51705,102400,65536,50784,913920,60776,2496,56849,85,90,85,6213,6264,17679,56861,41,3236,55.0
154129,28107,97280,65536,69172,913920,60776,2496,56849,85,90,85,6213,6264,17749,57130,41,3236,62.0
153622,32242,96768,65536,64525,913920,60776,2496,56854,85,90,85,6213,6264,17823,57404,42,3333,65.0
162840,68061,105984,65536,37922,913920,60776,2496,56856,85,90,85,6213,6264,17898,57681,42,3333,33.0
163380,53509,106496,65536,52986,913920,60776,2496,56884,85,90,85,6213,6264,17967,57947,42,3333,69.0
151092,21925,94208,65536,72290,913920,60776,2496,56884,85,90,85,6213,6264,18041,58221,42,3333,62.0
158782,60460,101888,65536,41441,913920,60776,2496,56894,85,90,85,6213,6264,18116,58502,42,3333,71.0
167486,15032,110592,65536,95559,913920,60776,2496,56894,85,90,85,6213,6264,18191,58779,42,3333,40.0
159289,45599,102400,65536,56800,913920,60776,2496,56889,85,90,85,6213,6264,18266,59061,42,3333,56.0
163390,48624,106496,65536,57871,913920,60776,2496,56894,85,90,85,6213,6264,18337,59337,42,3333,53.0
164966,5870,108032,65536,102161,913920,60776,2496,56934,85,90,85,6213,6264,18407,59606,42,3333,31.0
148577,42544,91648,65536,49103,913920,60776,2496,56929,85,90,85,6213,6264,18477,59878,43,3422,138.0
154217,33803,97280,65536,63476,913920,60776,2496,56938,85,90,85,6213,6264,18550,60152,43,3422,57.0
153212,24512,96256,65536,71766,913920,60776,2496,56956,85,90,85,6213,6264,18625,60433,43,3422,32.0
164449,51884,107520,65536,55665,913920,60776,2496,56929,85,90,85,6213,6264,18698,60718,43,3422,70.0
152680,42498,95744,65536,53245,913920,60776,2496,56936,85,90,85,6213,6264,18771,60998,43,3422,72.0
150121,30836,93184,65536,62369,913920,60776,2496,56937,85,90,85,6213,6264,18839,61266,43,3422,54.0
150633,18569,93696,65536,75126,913920,60776,2496,56937,85,90,85,6213,6264,18916,61540,43,3422,69.0
149609,33905,92672,65536,58766,913920,60776,2496,56937,85,90,85,6213,6264,18985,61819,43,3422,69.0
167017,8292,110080,65536,101787,913920,60776,2496,56937,85,90,85,6213,6264,19041,62083,43,3422,31.0
167017,78771,110080,65536,31308,913920,60776,2496,56937,85,90,85,6213,6264,19104,62348,44,3515,53.0
149609,47857,92672,65536,44814,913920,60776,2496,56937,85,90,85,6213,6264,19162,62609,44,3515,59.0
156777,42634,99840,65536,57217,913920,60776,2496,56937,85,90,85,6213,6264,19236,62889,44,3515,22.0
161897,15759,104960,65536,89200,913920,60776,2496,56937,85,90,85,6213,6264,19305,63162,44,3515,42.0
167017,29807,110080,65536,80272,913920,60776,2496,56937,85,90,85,6213,6264,19365,63425,44,3515,69.0
150633,46362,93696,65536,47341,913920,60776,2496,56937,85,90,85,6213,6264,19440,63704,44,3515,16.0
156265,32676,99328,65536,66651,913920,60776,2496,56937,85,90,85,6213,6264,19512,63983,44,3515,62.0
163945,33441,107008,65536,73566,913920,60776,2496,56937,85,90,85,6213,6264,19585,64258,44,3515,82.0
153193,14298,96256,65536,81957,913920,60776,2496,56937,85,90,85,6213,6264,19659,64531,44,3515,70.0
162409,31526,105472,65536,73945,913920,60776,2496,56937,85,90,85,6213,6264,19734,64816,45,3611,47.0
163437,49736,106496,65536,56759,913920,60776,2496,56941,85,90,85,6213,6264,19808,65095,45,3611,18.0
157293,19983,100352,65536,80368,913920,60776,2496,56941,85,90,85,6213,6264,19873,65361,45,3611,44.0
154221,54172,97280,65536,43107,913920,60776,2496,56941,85,90,85,6213,6264,19950,65649,45,3611,62.0
154221,32985,97280,65536,64294,913920,60776,2496,56941,85,90,85,6213,6264,20022,65923,45,3611,69.0
168558,16915,111616,65536,94700,913920,60776,2496,56942,85,90,85,6213,6264,20094,66195,45,3611,47.0
160364,58696,103424,65536,44735,913920,60776,2496,56940,85,90,85,6213,6264,20167,66468,45,3611,49.0
148076,30877,91136,65536,60258,913920,60776,2496,56940,85,90,85,6213,6264,20240,66747,45,3611,59.0
152684,18282,95744,65536,77472,913920,60776,2496,56940,85,90,85,6213,6264,20315,67028,45,3611,47.0
157804,65929,100864,65536,34934,913920,60776,2496,56940,85,90,85,6213,6264,20393,67313,46,3704,59.0
155244,66253,98304,65536,32063,913920,60776,2496,56940,85,90,85,6213,6264,20470,67602,46,3704,93.0
155756,58489,98816,65536,40326,913920,60776,2496,56940,85,90,85,6213,6264,20540,67864,46,3704,72.0
153708,45332,96768,65536,51435,913920,60776,2496,56940,85,90,85,6213,6264,20614,68136,46,3704,69.0
156268,57071,99328,65536,42256,913920,60776,2496,56940,85,90,85,6213,6264,20684,68413,46,3704,81.0
150168,49766,93184,65536,43430,913920,60776,2496,56984,85,90,85,6213,6264,20760,68698,46,3704,78.0
174218,69040,117248,65536,48207,913920,60776,2496,56970,85,90,85,6213,6264,20827,68973,46,3704,82.0
153226,37902,96256,65536,58364,913920,60776,2496,56970,85,90,85,6213,6264,20894,69243,46,3704,47.0
151178,29175,94208,65536,65032,913920,60776,2496,56970,85,90,85,6213,6264,20961,69505,46,3704,47.0
159373,3030,102400,65536,99399,913920,60776,2496,56973,85,90,85,6213,6264,21033,69782,46,3704,76.0
148621,55353,91648,65536,36294,913920,60776,2496,56973,85,90,85,6213,6264,21111,70069,47,3792,72.0
168108,71723,111104,65536,39380,913920,60776,2496,57004,85,90,85,6213,6264,21182,70343,47,3792,53.0
160940,61460,103936,65536,42475,913920,60776,2496,57004,85,90,85,6213,6264,21258,70623,47,3792,33.0
154284,31717,97280,65536,65562,913920,60776,2496,57004,85,90,85,6213,6264,21333,70901,47,3792,69.0
182956,56849,125952,65536,69102,913920,60776,2496,57004,85,90,85,6213,6264,21401,71210,47,3792,63.0
155308,17595,98304,65536,80708,913920,60776,2496,57004,85,90,85,6213,6264,21463,71453,47,3792,78.0
151212,16316,94208,65536,77899,913920,60776,2496,57004,85,90,85,6213,6264,21534,71728,47,3792,32.0
171180,39741,114176,65536,74434,913920,60776,2496,57004,85,90,85,6213,6264,21607,72013,47,3792,70.0
151724,8696,94720,65536,86042,913920,60776,2496,57004,85,90,85,6213,6264,21679,72284,47,3792,73.0
155308,69190,98304,65536,29138,913920,60776,2496,57004,85,90,85,6213,6264,21755,72570,48,3881,58.0
172204,35117,115200,65536,80082,913920,60776,2496,57004,85,90,85,6213,6264,21832,72844,48,3881,61.0
150188,42798,93184,65536,50385,913920,60776,2496,57004,85,90,85,6213,6264,21908,73120,48,3881,58.0
153772,57876,96768,65536,38891,913920,60776,2496,57004,85,90,85,6213,6264,21987,73414,48,3881,54.0
159404,61286,102400,65536,41113,913920,60776,2496,57004,85,90,85,6213,6264,22061,73690,48,3881,69.0
150188,37606,93184,65536,55577,913920,60776,2496,57004,85,90,85,6213,6264,22135,73964,48,3881,85.0
149676,23190,92672,65536,69493,913920,60776,2496,57004,85,90,85,6213,6264,22206,74247,48,3881,16.0
151724,44914,94720,65536,49827,913920,60776,2496,57004,85,90,85,6213,6264,22270,74516,48,3881,17.0
155308,21875,98304,65536,76428,913920,60776,2496,57004,85,90,85,6213,6264,22342,74792,48,3881,41.0
155308,43616,98304,65536,54687,913920,60776,2496,57004,85,90,85,6213,6264,22421,75075,49,3972,74.0
159404,51472,102400,65536,50935,913920,60776,2496,57004,85,90,85,6213,6264,22499,75360,49,3972,74.0
152748,54656,95744,65536,41087,913920,60776,2496,57004,85,90,85,6213,6264,22576,75640,49,3972,33.0
149293,53282,92160,65536,38890,913920,60776,2496,57133,85,90,85,6213,6264,22657,75919,49,3972,69.0
145709,17538,88576,65536,71055,913920,60776,2496,57133,85,90,85,6213,6264,22732,76195,49,3972,47.0
159021,21967,101888,65536,79920,913920,60776,2496,57133,85,90,85,6213,6264,22815,76484,49,3972,78.0
154925,19451,97792,65536,78353,913920,60776,2496,57133,85,90,85,6213,6264,22890,76761,49,3972,53.0
154925,44364,97792,65536,53427,913920,60776,2496,57133,85,90,85,6213,6264,22962,77039,49,3972,65.0
154925,33508,97792,65536,64283,913920,60776,2496,57133,85,90,85,6213,6264,23039,77321,49,3972,63.0
148269,51169,91136,65536,39966,913920,60776,2496,57133,85,90,85,6213,6264,23115,77603,50,4061,37.0
150317,48036,93184,65536,45155,913920,60776,2496,57133,85,90,85,6213,6264,23195,77890,50,4061,69.0
153389,22378,96256,65536,73877,913920,60776,2496,57133,85,90,85,6213,6264,23275,78178,50,4061,65.0
147265,20182,90112,65536,69939,913920,60776,2496,57153,85,90,85,6213,6264,23352,78461,50,4061,52.0
167233,64219,110080,65536,45860,913920,60776,2496,57153,85,90,85,6213,6264,23430,78750,50,4061,100.0
150337,20189,93184,65536,73006,913920,60776,2496,57153,85,90,85,6213,6264,23498,79016,50,4061,58.0
158529,21915,101376,65536,79460,913920,60776,2496,57153,85,90,85,6213,6264,23568,79278,50,4061,84.0
167686,60904,110592,65536,49687,913920,60776,2496,57094,85,90,81,6213,6264,23597,79425,50,4061,43.0
162566,34119,105472,65536,71352,913920,60776,2496,57094,85,90,81,6213,6264,23644,79654,50,4061,81.0
153862,55008,96768,65536,41759,913920,60776,2496,57094,85,90,81,6213,6264,23702,79908,51,4158,84.0
165126,19140,108032,65536,88891,913920,60776,2496,57094,85,90,81,6213,6264,23767,80176,51,4158,52.0
162566,35995,105472,65536,69476,913920,60776,2496,57094,85,90,81,6213,6264,23836,80457,51,4158,53.0
156422,9928,99328,65536,89413,913920,60776,2496,57094,85,90,81,6213,6264,23905,80734,51,4158,47.0
165638,54766,108544,65536,53777,913920,60776,2496,57094,85,90,81,6213,6264,23971,81007,51,4158,74.0
151814,56251,94720,65536,38495,913920,60776,2496,57094,85,90,81,6213,6264,24038,81285,52,4257,63.0
153350,40604,96256,65536,55651,913920,60776,2496,57094,85,90,81,6213,6264,24104,81547,52,4257,85.0
148742,51305,91648,65536,40342,913920,60776,2496,57094,85,90,81,6213,6264,24173,81823,52,4257,86.0
176904,50985,119808,65536,68822,913920,60776,2496,57096,85,90,81,6213,6264,24232,82089,52,4257,61.0
156424,30368,99328,65536,68959,913920,60776,2496,57096,85,90,81,6213,6264,24271,82274,52,4257,84.0
157960,36547,100864,65536,64316,913920,60776,2496,57096,85,90,81,6213,6264,24338,82548,52,4257,85.0
166664,51717,109568,65536,57875,913920,60776,2496,57096,85,90,81,6213,6264,24405,82824,52,4257,62.0
166664,71402,109568,65536,38165,913920,60776,2496,57096,85,90,81,6213,6264,24472,83095,53,4342,82.0
150280,47780,93184,65536,45403,913920,60776,2496,57096,85,90,81,6213,6264,24539,83358,53,4342,0.0
165128,63702,108032,65536,44329,913920,60776,2496,57096,85,90,81,6213,6264,24607,83634,53,4342,54.0
145672,16185,88576,65536,72390,913920,60776,2496,57096,85,90,81,6213,6264,24676,83902,53,4342,49.0
155915,43603,98816,65536,55212,913920,60776,2496,57099,85,90,81,6213,6264,24743,84173,53,4342,61.0
148747,51031,91648,65536,40630,913920,60776,2496,57099,85,90,81,6213,6264,24811,84441,54,4419,54.0
165131,63194,108032,65536,44837,913920,60776,2496,57099,85,90,81,6213,6264,24863,84716,54,4419,47.0
162571,64760,105472,65536,40727,913920,60776,2496,57099,85,90,81,6213,6264,24922,84971,54,4419,53.0
167691,36656,110592,65536,73935,913920,60776,2496,57099,85,90,81,6213,6264,24991,85243,54,4419,78.0
154891,47295,97792,65536,50496,913920,60776,2496,57099,85,90,81,6213,6264,25057,85506,54,4419,11.0
161039,51990,103936,65536,51945,913920,60776,2496,57103,85,90,81,6213,6264,25122,85780,54,4419,69.0
150799,60768,93696,65536,32952,913920,60776,2496,57103,85,90,81,6213,6264,25192,86053,55,4500,22.0
152847,24689,95744,65536,71079,913920,60776,2496,57103,85,90,81,6213,6264,25258,86325,55,4500,101.0
150799,20700,93696,65536,73009,913920,60776,2496,57103,85,90,81,6213,6264,25322,86582,55,4500,16.0
150799,41973,93696,65536,51722,913920,60776,2496,57103,85,90,81,6213,6264,25391,86854,55,4500,40.0
153871,27595,96768,65536,69237,913920,60776,2496,57103,85,90,81,6213,6264,25461,87131,55,4500,30.0
156943,39118,99840,65536,60721,913920,60776,2496,57103,85,90,81,6213,6264,25530,87409,55,4500,85.0
159503,70488,102400,65536,31911,913920,60776,2496,57103,85,90,81,6213,6264,25601,87684,56,4581,70.0
169233,23089,112128,65536,89038,913920,60776,2496,57105,85,90,81,6213,6264,25668,87949,56,4581,69.0
155921,57346,98816,65536,41483,913920,60776,2496,57105,85,90,81,6213,6264,25734,88223,56,4581,69.0
153873,36601,96768,65536,60166,913920,60776,2496,57105,85,90,81,6213,6264,25808,88500,56,4581,19.0
151313,41329,94208,65536,52878,913920,60776,2496,57105,85,90,81,6213,6264,25878,88777,56,4581,34.0
156433,26328,99328,65536,72999,913920,60776,2496,57105,85,90,81,6213,6264,25942,89047,57,4661,39.0
155921,26764,98816,65536,72059,913920,60776,2496,57105,85,90,81,6213,6264,26011,89314,57,4661,0.0
150289,21711,93184,65536,71472,913920,60776,2496,57105,85,90,81,6213,6264,26087,89600,57,4661,83.0
168209,47700,111104,65536,63403,913920,60776,2496,57105,85,90,81,6213,6264,26151,89868,57,4661,62.0
155928,30452,98816,65536,68363,913920,60776,2496,57112,85,90,81,6213,6264,26214,90138,57,4661,74.0
159000,3332,101888,65536,98555,913920,60776,2496,57112,85,90,81,6213,6264,26282,90411,57,4661,47.0
153368,57326,96256,65536,38929,913920,60776,2496,57112,85,90,81,6213,6264,26351,90681,58,4745,84.0
159512,54518,102400,65536,47881,913920,60776,2496,57112,85,90,81,6213,6264,26415,90950,58,4745,85.0
149272,47451,92160,65536,44708,913920,60776,2496,57112,85,90,81,6213,6264,26480,91217,58,4745,83.0
164120,21493,107008,65536,85514,913920,60776,2496,57112,85,90,81,6213,6264,26538,91471,58,4745,20.0
180507,10580,123392,65536,112811,913920,60776,2496,57115,85,90,81,6213,6264,26594,91739,58,4745,71.0
160027,65984,102912,65536,36927,913920,60776,2496,57115,85,90,81,6213,6264,26656,91988,59,4827,51.0
151323,61539,94208,65536,32668,913920,60776,2496,57115,85,90,81,6213,6264,26717,92250,59,4827,62.0
149787,19116,92672,65536,73555,913920,60776,2496,57115,85,90,81,6213,6264,26782,92515,59,4827,54.0
172328,16423,115200,65536,98776,913920,60776,2496,57128,85,90,81,6213,6264,26851,92797,59,4827,59.0
160040,30240,102912,65536,72671,913920,60776,2496,57128,85,90,81,6213,6264,26910,93066,59,4827,69.0
171304,10498,114176,65536,103677,913920,60776,2496,57128,85,90,81,6213,6264,26965,93338,59,4827,112.0
170792,70746,113664,65536,42936,913920,60776,2496,57128,85,90,81,6213,6264,27021,93607,60,4905,62.0
165160,46352,108032,65536,61679,913920,60776,2496,57128,85,90,81,6213,6264,27075,93874,60,4905,70.0
171816,32414,114688,65536,82273,913920,60776,2496,57128,85,90,81,6213,6264,27131,94125,60,4905,71.0
167740,23038,110592,65536,87561,913920,60776,2496,57148,85,90,81,6213,6264,27190,94387,60,4905,61.0
176956,59734,119808,65536,60073,913920,60776,2496,57148,85,90,81,6213,6264,27247,94663,60,4905,51.0
160574,45635,103424,65536,57851,913920,60776,2496,57151,85,90,81,6213,6264,27309,94914,61,4979,47.0
155458,31584,98304,65536,66719,913920,60776,2496,57154,85,90,81,6213,6264,27375,95184,61,4979,48.0
161636,54799,104448,65536,49649,913920,60776,2496,57188,85,90,81,6213,6264,27422,95421,61,4979,90.0
153956,24827,96768,65536,71940,913920,60776,2496,57188,85,90,81,6213,6264,27468,95676,61,4979,79.0
168292,49098,111104,65536,62005,913920,60776,2496,57188,85,90,81,6213,6264,27516,95937,61,4979,17.0
165732,50678,108544,65536,57913,913920,60776,2496,57188,85,90,81,6213,6264,27563,96192,61,4979,48.0
153444,53507,96256,65536,42748,913920,60776,2496,57188,85,90,81,6213,6264,27626,96458,62,5067,16.0
163172,52161,105984,65536,53822,913920,60776,2496,57188,85,90,81,6213,6264,27689,96729,62,5067,23.0
161124,59098,103936,65536,44837,913920,60776,2496,57188,85,90,81,6213,6264,27748,96994,62,5067,66.0
154468,53234,97280,65536,44060,913920,60776,2496,57188,85,90,81,6213,6264,27813,97275,62,5067,58.0
170852,61081,113664,65536,52582,913920,60776,2496,57188,85,90,81,6213,6264,27877,97554,62,5067,85.0
162660,35810,105472,65536,69669,913920,60776,2496,57188,85,90,81,6213,6264,27942,97817,63,5143,92.0
166756,46497,109568,65536,63085,913920,60776,2496,57188,85,90,81,6213,6264,28004,98076,63,5143,76.0
168804,54494,111616,65536,57121,913920,60776,2496,57188,85,90,81,6213,6264,28068,98349,63,5143,9.0
146276,14413,89088,65536,74674,913920,60776,2496,57188,85,90,81,6213,6264,28139,98624,63,5143,84.0
167268,9655,110080,65536,100424,913920,60776,2496,57188,85,90,81,6213,6264,28202,98893,63,5143,69.0
161124,46865,103936,65536,57070,913920,60776,2496,57188,85,90,81,6213,6264,28265,99166,63,5143,77.0
163684,45590,106496,65536,60905,913920,60776,2496,57188,85,90,81,6213,6264,28328,99427,64,5223,71.0
162660,56037,105472,65536,49434,913920,60776,2496,57188,85,90,81,6213,6264,28393,99693,64,5223,53.0
160612,41738,103424,65536,61685,913920,60776,2496,57188,85,90,81,6213,6264,28455,99952,64,5223,38.0
165732,34246,108544,65536,74313,913920,60776,2496,57188,85,90,81,6213,6264,28519,100225,64,5223,69.0
165220,51233,108032,65536,56798,913920,60776,2496,57188,85,90,81,6213,6264,28580,100500,64,5223,59.0
171364,58800,114176,65536,55413,913920,60776,2496,57188,85,90,81,6213,6264,28641,100771,64,5223,16.0
168292,52296,111104,65536,58807,913920,60776,2496,57188,85,90,81,6213,6264,28702,101030,65,5308,5.0
178020,32763,120832,65536,88068,913920,60776,2496,57188,85,90,81,6213,6264,28766,101295,65,5308,94.0
161639,25225,104448,65536,79252,913920,60776,2496,57191,85,90,81,6213,6264,28827,101546,65,5308,16.0
161127,32485,103936,65536,71450,913920,60776,2496,57191,85,90,81,6213,6264,28893,101817,65,5308,72.0
165735,55526,108544,65536,53017,913920,60776,2496,57191,85,90,81,6213,6264,28957,102081,65,5308,64.0
159591,32040,102400,65536,70373,913920,60776,2496,57191,85,90,81,6213,6264,29021,102340,66,5537,49.0
164199,64544,107008,65536,42480,913920,60776,2496,57191,85,90,81,6213,6264,29081,102603,66,5537,23.0
159591,43630,102400,65536,58769,913920,60776,2496,57191,85,90,81,6213,6264,29138,102839,66,5537,20.0
177511,57401,120320,65536,62918,913920,60776,2496,57191,85,90,81,6213,6264,29197,103103,66,5537,73.0
160103,56492,102912,65536,46419,913920,60776,2496,57191,85,90,81,6213,6264,29257,103361,66,5537,75.0
178023,64221,120832,65536,56610,913920,60776,2496,57191,85,90,81,6213,6264,29315,103615,66,5537,48.0
169831,32225,112640,65536,80414,913920,60776,2496,57191,85,90,81,6213,6264,29375,103869,66,5537,7.0
171879,24348,114688,65536,90340,913920,60776,2496,57191,85,90,81,6213,6264,29423,104112,67,5626,47.0
161639,25685,104448,65536,78779,913920,60776,2496,57191,85,90,81,6213,6264,29487,104374,67,5626,34.0
153447,54057,96256,65536,42198,913920,60776,2496,57191,85,90,81,6213,6264,29548,104636,67,5626,32.0
167271,40290,110080,65536,69789,913920,60776,2496,57191,85,90,81,6213,6264,29612,104903,67,5626,43.0
162151,26749,104960,65536,78210,913920,60776,2496,57191,85,90,81,6213,6264,29674,105169,67,5626,7.0
165223,56590,108032,65536,51441,913920,60776,2496,57191,85,90,81,6213,6264,29732,105425,68,5700,46.0
152423,56476,95232,65536,38755,913920,60776,2496,57191,85,90,81,6213,6264,29799,105689,68,5700,50.0
157543,56296,100352,65536,44055,913920,60776,2496,57191,85,90,81,6213,6264,29866,105954,68,5700,84.0
152935,27686,95744,65536,68057,913920,60776,2496,57191,85,90,81,6213,6264,29929,106223,68,5700,53.0
159079,40665,101888,65536,61222,913920,60776,2496,57191,85,90,81,6213,6264,29992,106492,68,5700,100.0
154983,6668,97792,65536,91123,913920,60776,2496,57191,85,90,81,6213,6264,30050,106756,68,5700,32.0
166785,24032,109568,65536,85535,913920,60776,2496,57217,85,90,81,6213,6264,30111,107016,69,5780,85.0
161665,59341,104448,65536,45106,913920,60776,2496,57217,85,90,81,6213,6264,30179,107290,69,5780,53.0
165761,24078,108544,65536,84465,913920,60776,2496,57217,85,90,81,6213,6264,30243,107561,69,5780,35.0
163201,60193,105984,65536,45790,913920,60776,2496,57217,85,90,81,6213,6264,30311,107831,69,5780,76.0
163201,4695,105984,65536,101288,913920,60776,2496,57217,85,90,81,6213,6264,30374,108100,69,5780,82.0
162689,3768,105472,65536,101703,913920,60776,2496,57217,85,90,81,6213,6264,30435,108367,69,5780,85.0
179585,46799,122368,65536,75568,913920,60776,2496,57217,85,94,85,6213,6264,30492,108643,70,5866,148.0
178544,34464,121344,65536,86879,913920,60776,2496,57200,85,94,85,6213,6264,30537,108896,70,5866,76.0
170363,33841,113152,65536,79310,913920,60776,2496,57211,85,94,85,6213,6264,30595,109152,70,5866,35.0
169851,62021,112640,65536,50635,913920,60776,2496,57211,85,94,85,6213,6264,30656,109424,71,5935,76.0
156027,34609,98816,65536,64214,913920,60776,2496,57211,85,94,85,6213,6264,30715,109682,71,5935,94.0
159611,34811,102400,65536,67588,913920,60776,2496,57211,85,94,85,6213,6264,30777,109956,71,5935,64.0
175483,37199,118272,65536,81091,913920,60776,2496,57211,85,94,85,6213,6264,30840,110238,71,5935,85.0
171387,75473,114176,65536,38702,913920,60776,2496,57211,85,94,85,6213,6264,30887,110499,72,6011,54.0
184187,47729,126976,65536,79246,913920,60776,2496,57211,85,94,85,6213,6264,30934,110741,72,6011,76.0
177019,77810,119808,65536,41997,913920,60776,2496,57211,85,94,85,6213,6264,30975,111000,72,6011,78.0
183675,57778,126464,65536,68685,913920,60776,2496,57211,85,94,85,6213,6264,31019,111257,72,6011,88.0
161659,44746,104448,65536,59701,913920,60776,2496,57211,85,94,85,6213,6264,31064,111512,72,6011,88.0
195451,76496,138240,65536,61743,913920,60776,2496,57211,85,94,85,6213,6264,31099,111773,73,6106,181.0
180091,78953,122880,65536,43926,913920,60776,2496,57211,85,94,85,6213,6264,31137,112025,73,6106,105.0
165755,45898,108544,65536,62645,913920,60776,2496,57211,85,94,85,6213,6264,31177,112279,73,6106,45.0
169851,4499,112640,65536,108140,913920,60776,2496,57211,85,94,85,6213,6264,31215,112532,73,6106,96.0
167803,68591,110592,65536,42016,913920,60776,2496,57211,85,94,85,6213,6264,31253,112800,74,6185,26.0
158075,58217,100864,65536,42646,913920,60776,2496,57211,85,94,85,6213,6264,31299,113059,74,6185,65.0
217979,9625,160768,65536,151142,913920,60776,2496,57211,85,94,85,6213,6264,31332,113311,74,6185,68.0
184187,67584,126976,65536,59412,913920,60776,2496,57211,85,94,85,6213,6264,31368,113560,74,6185,78.0
164219,32075,107008,65536,74932,913920,60776,2496,57211,85,94,85,6213,6264,31400,113805,75,6270,106.0
171387,45970,114176,65536,68223,913920,60776,2496,57211,85,94,85,6213,6264,31435,114059,75,6270,51.0
177019,49823,119808,65536,69984,913920,60776,2496,57211,85,94,85,6213,6264,31471,114305,75,6270,162.0
190331,83661,133120,65536,49458,913920,60776,2496,57211,85,94,85,6213,6264,31503,114559,75,6270,88.0
195451,65433,138240,65536,72806,913920,60776,2496,57211,85,94,85,6213,6264,31533,114802,75,6270,92.0
173435,56056,116224,65536,60167,913920,60776,2496,57211,85,94,85,6213,6264,31561,115047,76,6377,46.0
198523,73478,141312,65536,67833,913920,60776,2496,57211,85,94,85,6213,6264,31593,115286,76,6377,25.0
196475,18429,139264,65536,120834,913920,60776,2496,57211,85,94,85,6213,6264,31620,115513,76,6377,33.0
180603,58505,123392,65536,64906,913920,60776,2496,57211,85,94,85,6213,6264,31651,115747,76,6377,53.0
187259,41256,130048,65536,88791,913920,60776,2496,57211,85,94,85,6213,6264,31686,115989,77,6473,75.0
190843,79681,133632,65536,53950,913920,60776,2496,57211,85,94,85,6213,6264,31722,116249,77,6473,57.0
189307,31053,132096,65536,101063,913920,60776,2496,57211,85,94,85,6213,6264,31760,116499,77,6473,75.0
191867,69874,134656,65536,64781,913920,60776,2496,57211,85,94,85,6213,6264,31797,116758,77,6473,53.0
167803,37570,110592,65536,73021,913920,60776,2496,57211,85,94,85,6213,6264,31834,117002,78,6576,48.0
175487,60449,118272,65536,57841,913920,60776,2496,57215,85,94,85,6213,6264,31859,117258,78,6576,31.0
193407,34053,136192,65536,102138,913920,60776,2496,57215,85,94,85,6213,6264,31897,117495,78,6576,80.0
176511,72333,119296,65536,46962,913920,60776,2496,57215,85,94,85,6213,6264,31937,117753,78,6576,82.0
179583,40102,122368,65536,82265,913920,60776,2496,57215,85,94,85,6213,6264,31983,118005,78,6576,100.0
188295,55295,131072,65536,75776,913920,60776,2496,57223,85,94,85,6213,6264,32026,118252,79,6651,87.0
158599,39121,101376,65536,62254,913920,60776,2496,57223,85,94,85,6213,6264,32082,118504,79,6651,69.0
180615,43003,123392,65536,80389,913920,60776,2496,57223,85,94,85,6213,6264,32141,118766,79,6651,80.0
155015,19117,97792,65536,78674,913920,60776,2496,57223,85,94,85,6213,6264,32194,119017,79,6651,69.0
159111,34711,101888,65536,67188,913920,60776,2496,57223,85,94,85,6213,6264,32254,119273,80,6725,67.0
158096,30137,100864,65536,70726,913920,60776,2496,57232,85,94,85,6213,6264,32315,119534,80,6725,16.0
167312,60330,110080,65536,49764,913920,60776,2496,57232,85,94,85,6213,6264,32372,119799,80,6725,84.0
166800,57944,109568,65536,51623,913920,60776,2496,57232,85,94,85,6213,6264,32429,120060,80,6725,74.0
180624,32576,123392,65536,90815,913920,60776,2496,57232,85,94,85,6213,6264,32484,120319,81,6804,102.0
167312,50165,110080,65536,59914,913920,60776,2496,57232,85,94,85,6213,6264,32541,120586,81,6804,50.0
169360,32869,112128,65536,79258,913920,60776,2496,57232,85,94,85,6213,6264,32601,120856,81,6804,63.0
154000,11608,96768,65536,85159,913920,60776,2496,57232,85,94,85,6213,6264,32660,121119,81,6804,36.0
177552,78238,120320,65536,42101,913920,60776,2496,57232,85,94,85,6213,6264,32718,121382,82,6875,21.0
177552,76269,120320,65536,44050,913920,60776,2496,57232,85,94,85,6213,6264,32769,121639,82,6875,84.0
174992,26905,117760,65536,90854,913920,60776,2496,57232,85,94,85,6213,6264,32824,121883,82,6875,86.0
161680,36959,104448,65536,67518,913920,60776,2496,57232,85,94,85,6213,6264,32885,122152,82,6875,104.0
164240,34333,107008,65536,72674,913920,60776,2496,57232,85,94,85,6213,6264,32942,122412,83,7015,80.0
178064,73033,120832,65536,47798,913920,60776,2496,57232,85,94,85,6213,6264,33001,122679,83,7015,47.0
167312,52513,110080,65536,57566,913920,60776,2496,57232,85,94,85,6213,6264,33057,122937,83,7015,37.0
167312,22013,110080,65536,88066,913920,60776,2496,57232,85,94,85,6213,6264,33120,123206,83,7015,19.0
178064,64943,120832,65536,55888,913920,60776,2496,57232,85,94,85,6213,6264,33177,123473,83,7015,31.0
180112,81546,122880,65536,41333,913920,60776,2496,57232,85,94,85,6213,6264,33236,123741,84,7092,36.0
185744,27557,128512,65536,100962,913920,60776,2496,57232,85,94,85,6213,6264,33290,123998,84,7092,18.0
166800,57602,109568,65536,51965,913920,60776,2496,57232,85,94,85,6213,6264,33349,124259,84,7092,73.0
168848,17646,111616,65536,93969,913920,60776,2496,57232,85,94,85,6213,6264,33404,124512,84,7092,31.0
183184,33788,125952,65536,92163,913920,60776,2496,57232,85,94,85,6213,6264,33464,124772,85,7170,63.0
161680,53210,104448,65536,51237,913920,60776,2496,57232,85,94,85,6213,6264,33519,125016,85,7170,69.0
179088,84794,121856,65536,37080,913920,60776,2496,57232,85,94,85,6213,6264,33578,125265,85,7170,9.0
183696,62848,126464,65536,63615,913920,60776,2496,57232,85,94,85,6213,6264,33635,125525,85,7170,72.0
194960,52869,137728,65536,84858,913920,60776,2496,57232,85,94,85,6213,6264,33681,125785,85,7170,69.0
177552,58725,120320,65536,61594,913920,60776,2496,57232,85,94,85,6213,6264,33727,126039,86,7250,84.0
163216,47062,105984,65536,58921,913920,60776,2496,57232,85,94,85,6213,6264,33782,126287,86,7250,51.0
169360,59644,112128,65536,52483,913920,60776,2496,57232,85,94,85,6213,6264,33840,126548,86,7250,81.0
171408,28954,114176,65536,85221,913920,60776,2496,57232,85,94,85,6213,6264,33899,126802,86,7250,47.0
160656,48546,103424,65536,54877,913920,60776,2496,57232,85,94,85,6213,6264,33955,127056,86,7250,93.0
155540,41754,98304,65536,56549,913920,60776,2496,57236,85,94,85,6213,6264,34017,127319,87,7335,74.0
168852,33995,111616,65536,77620,913920,60776,2496,57236,85,94,85,6213,6264,34073,127578,87,7335,40.0
165268,54921,108032,65536,53110,913920,60776,2496,57236,85,94,85,6213,6264,34131,127839,87,7335,53.0
169364,36348,112128,65536,75779,913920,60776,2496,57236,85,94,85,6213,6264,34191,128107,87,7335,124.0
162196,70331,104960,65536,34628,913920,60776,2496,57240,85,94,85,6213,6264,34249,128369,88,7474,16.0
175065,76579,117760,65536,41180,913920,61032,2496,57305,85,94,85,6213,6264,34307,128633,88,7474,36.0
160729,64433,103424,65536,38990,913920,61032,2496,57305,85,94,85,6213,6264,34367,128894,88,7474,56.0
166361,62204,109056,65536,46891,913920,61032,2496,57305,85,94,85,6213,6264,34425,129154,88,7474,42.0
164825,49648,107520,65536,57871,913920,61032,2496,57305,85,94,85,6213,6264,34481,129415,88,7474,12.0
161753,51653,104448,65536,52794,913920,61032,2496,57305,85,94,85,6213,6264,34540,129674,89,7549,62.0
164825,55883,107520,65536,51636,913920,61032,2496,57305,85,94,85,6213,6264,34597,129939,89,7549,0.0
165337,33897,108032,65536,74134,913920,61032,2496,57305,85,94,85,6213,6264,34657,130207,89,7549,69.0
164313,34666,107008,65536,72341,913920,61032,2496,57305,85,94,85,6213,6264,34716,130459,89,7549,54.0
188377,28994,131072,65536,102077,913920,61032,2496,57305,85,94,85,6213,6264,34773,130727,90,7621,85.0
151001,59705,93696,65536,34002,913920,61032,2496,57305,85,94,85,6213,6264,34830,130982,90,7621,87.0
184281,38745,126976,65536,88230,913920,61032,2496,57305,85,94,85,6213,6264,34885,131229,90,7621,34.0
169433,11400,112128,65536,100744,913920,61032,2496,57305,85,94,85,6213,6264,34944,131491,90,7621,14.0
186329,52498,129024,65536,76525,913920,61032,2496,57305,85,94,85,6213,6264,35001,131752,90,7621,54.0
159193,26072,101888,65536,75815,913920,61032,2496,57305,85,94,85,6213,6264,35059,132006,91,7693,68.0
173017,74313,115712,65536,41398,913920,61032,2496,57305,85,94,85,6213,6264,35117,132277,91,7693,78.0
156633,20473,99328,65536,78854,913920,61032,2496,57305,85,94,85,6213,6264,35177,132542,91,7693,47.0
182233,17465,124928,65536,107462,913920,61032,2496,57305,85,94,85,6213,6264,35233,132804,91,7693,65.0
167897,41138,110592,65536,69453,913920,61032,2496,57305,85,94,85,6213,6264,35279,133068,92,7763,85.0
186329,64642,129024,65536,64381,913920,61032,2496,57305,85,94,85,6213,6264,35321,133331,92,7763,81.0
198617,91490,141312,65536,49821,913920,61032,2496,57305,85,94,85,6213,6264,35365,133595,92,7763,71.0
169433,24254,112128,65536,87873,913920,61032,2496,57305,85,94,85,6213,6264,35413,133842,92,7763,70.0
159193,31929,101888,65536,69973,913920,61032,2496,57305,85,94,85,6213,6264,35462,134107,93,7832,125.0
158681,30671,101376,65536,70717,913920,61032,2496,57305,85,94,85,6213,6264,35515,134365,93,7832,38.0
159705,25124,102400,65536,77275,913920,61032,2496,57305,85,94,85,6213,6264,35568,134622,93,7832,102.0
167385,28861,110080,65536,81218,913920,61032,2496,57305,85,94,85,6213,6264,35626,134891,93,7832,95.0
165849,65537,108544,65536,43006,913920,61032,2496,57305,85,94,85,6213,6264,35677,135150,94,7902,60.0
173528,58500,116224,65536,57740,913920,61032,2496,57304,85,94,85,6213,6264,35737,135416,94,7902,66.0
179160,20498,121856,65536,101358,913920,61032,2496,57304,85,94,85,6213,6264,35793,135684,94,7902,12.0
182744,26439,125440,65536,99000,913920,61032,2496,57304,85,94,85,6213,6264,35828,135915,94,7902,53.0
196056,61671,138752,65536,77080,913920,61032,2496,57304,85,94,85,6213,6264,35871,136158,94,7902,26.0
180696,31126,123392,65536,92265,913920,61032,2496,57304,85,94,85,6213,6264,35918,136393,95,7979,72.0
173528,35139,116224,65536,81084,913920,61032,2496,57304,85,94,85,6213,6264,35972,136645,95,7979,61.0
159704,17193,102400,65536,85220,913920,61032,2496,57304,85,94,85,6213,6264,36034,136903,95,7979,58.0
190424,54745,133120,65536,78374,913920,61032,2496,57304,85,94,85,6213,6264,36083,137176,95,7979,25.0
211928,53122,154624,65536,101501,913920,61032,2496,57304,85,94,85,6213,6264,36126,137438,96,8051,108.0
174040,80272,116736,65536,36463,913920,61032,2496,57304,85,94,85,6213,6264,36175,137696,96,8051,54.0
180696,32281,123392,65536,91110,913920,61032,2496,57304,85,94,85,6213,6264,36220,137951,96,8051,29.0
163800,42748,106496,65536,63763,913920,61032,2496,57304,85,94,85,6213,6264,36274,138213,96,8051,86.0
183256,89150,125952,65536,36801,913920,61032,2496,57304,85,94,85,6213,6264,36325,138464,97,8125,40.0
188376,92160,131072,65536,38911,913920,61032,2496,57304,85,94,85,6213,6264,36370,138725,97,8125,107.0
169432,61165,112128,65536,50962,913920,61032,2496,57304,85,94,85,6213,6264,36419,138983,97,8125,59.0
175576,48565,118272,65536,69706,913920,61032,2496,57304,85,94,85,6213,6264,36475,139247,97,8125,81.0
198616,90840,141312,65536,50504,913920,61032,2496,57304,85,94,85,6213,6264,36528,139513,98,8197,54.0
175064,32182,117760,65536,85577,913920,61032,2496,57304,85,94,85,6213,6264,36583,139760,98,8197,88.0
179672,30851,122368,65536,91516,913920,61032,2496,57304,85,94,85,6213,6264,36639,139999,98,8197,44.0
164312,13955,107008,65536,93052,913920,61032,2496,57304,85,94,85,6213,6264,36696,140246,98,8197,36.0
174040,24254,116736,65536,92489,913920,61032,2496,57304,85,94,85,6213,6264,36750,140511,98,8197,63.0
181208,21496,123904,65536,102407,913920,61032,2496,57304,85,94,85,6213,6264,36799,140771,98,8197,78.0
167384,54527,110080,65536,55552,913920,61032,2496,57304,85,94,85,6213,6264,36840,141003,98,8197,82.0
178136,39291,120832,65536,81540,913920,61032,2496,57304,85,94,85,6213,6264,36891,141247,99,8279,79.0
156632,60383,99328,65536,38957,913920,61032,2496,57304,85,94,85,6213,6264,36949,141500,99,8279,15.0
159704,57469,102400,65536,44959,913920,61032,2496,57304,85,94,85,6213,6264,37009,141767,99,8279,68.0
164824,43748,107520,65536,63783,913920,61032,2496,57304,85,94,85,6213,6264,37064,142037,99,8279,72.0
173016,51528,115712,65536,64183,913920,61032,2496,57304,85,94,85,6213,6264,37128,142306,99,8279,61.0
160728,32308,103424,65536,71115,913920,61032,2496,57304,85,94,85,6213,6264,37182,142566,99,8279,48.0
187864,48352,130560,65536,82207,913920,61032,2496,57304,85,94,85,6213,6264,37221,142802,100,8403,85.0
172504,43632,115200,65536,71567,913920,61032,2496,57304,85,94,85,6213,6264,37263,143058,100,8403,69.0
188376,91521,131072,65536,39572,913920,61032,2496,57304,85,94,85,6213,6264,37307,143316,100,8403,41.0
159192,29992,101888,65536,71911,913920,61032,2496,57304,85,94,85,6213,6264,37358,143559,100,8403,63.0
170456,24635,113152,65536,88516,913920,61032,2496,57304,85,94,85,6213,6264,37402,143811,100,8403,86.0
185816,31774,128512,65536,96759,913920,61032,2496,57304,85,94,85,6213,6264,37439,144067,100,8403,108.0
159192,45124,101888,65536,56763,913920,61032,2496,57304,85,94,85,6213,6264,37482,144324,101,8481,61.0
167384,67342,110080,65536,42737,913920,61032,2496,57304,85,94,85,6213,6264,37527,144599,101,8481,55.0
182744,81890,125440,65536,43549,913920,61032,2496,57304,85,94,85,6213,6264,37575,144873,101,8481,97.0
173528,34528,116224,65536,81695,913920,61032,2496,57304,85,94,85,6213,6264,37620,145105,101,8481,60.0
169432,59932,112128,65536,52195,913920,61032,2496,57304,85,94,85,6213,6264,37675,145374,101,8481,37.0
169432,15432,112128,65536,96695,913920,61032,2496,57304,85,94,85,6213,6264,37721,145642,101,8481,56.0
164312,37259,107008,65536,69748,913920,61032,2496,57304,85,94,85,6213,6264,37767,145906,102,8582,117.0
175576,34243,118272,65536,84028,913920,61032,2496,57304,85,94,85,6213,6264,37815,146167,102,8582,72.0
177112,32827,119808,65536,86980,913920,61032,2496,57304,85,94,85,6213,6264,37869,146422,102,8582,70.0
163800,41117,106496,65536,65378,913920,61032,2496,57304,85,94,85,6213,6264,37916,146688,102,8582,26.0
162776,33254,105472,65536,72231,913920,61032,2496,57304,85,94,85,6213,6264,37967,146954,102,8582,54.0
169944,9093,112640,65536,103546,913920,61032,2496,57304,85,94,85,6213,6264,38028,147224,102,8582,80.0
159704,43877,102400,65536,58522,913920,61032,2496,57304,85,94,85,6213,6264,38094,147491,103,8659,24.0
161240,45606,103936,65536,58329,913920,61032,2496,57304,85,94,85,6213,6264,38161,147769,103,8659,62.0
165853,40669,108544,65536,67890,913920,61032,2496,57309,85,94,85,6213,6264,38225,148045,103,8659,19.0
159197,52982,101888,65536,48905,913920,61032,2496,57309,85,94,85,6213,6264,38289,148315,103,8659,52.0
163805,9942,106496,65536,96566,913920,61032,2496,57309,85,94,85,6213,6264,38351,148589,103,8659,45.0
179677,6669,122368,65536,115698,913920,61032,2496,57309,85,94,85,6213,6264,38407,148840,103,8659,48.0
167389,59194,110080,65536,50900,913920,61032,2496,57309,85,94,85,6213,6264,38463,149101,104,8744,62.0
163293,22434,105984,65536,83549,913920,61032,2496,57309,85,94,85,6213,6264,38530,149373,104,8744,48.0
155613,48725,98304,65536,49578,913920,61032,2496,57309,85,94,85,6213,6264,38595,149644,104,8744,60.0
149981,44224,92672,65536,48447,913920,61032,2496,57309,85,94,85,6213,6264,38663,149917,104,8744,43.0
163805,34475,106496,65536,72020,913920,61032,2496,57309,85,94,85,6213,6264,38726,150185,104,8744,28.0
164317,9901,107008,65536,97106,913920,61032,2496,57309,85,94,85,6213,6264,38792,150459,104,8744,39.0
166877,78193,109568,65536,31382,913920,61032,2496,57309,85,94,85,6213,6264,38849,150726,105,8896,72.0
158685,20056,101376,65536,81331,913920,61032,2496,57309,85,94,85,6213,6264,38905,150981,105,8896,71.0
158685,35570,101376,65536,65805,913920,61032,2496,57309,85,94,85,6213,6264,38971,151247,105,8896,36.0
174045,38012,116736,65536,78723,913920,61032,2496,57309,85,94,85,6213,6264,39038,151527,105,8896,62.0
176605,69933,119296,65536,49362,913920,61032,2496,57309,85,94,85,6213,6264,39098,151798,105,8896,80.0
167389,1532,110080,65536,108563,913920,61032,2496,57309,85,94,85,6213,6264,39157,152051,105,8896,30.0
162781,64902,105472,65536,40583,913920,61032,2496,57309,85,94,85,6213,6264,39220,152315,106,8982,37.0
158173,56516,100864,65536,44347,913920,61032,2496,57309,85,94,85,6213,6264,39287,152587,106,8982,24.0
168925,63053,111616,65536,48562,913920,61032,2496,57309,85,94,85,6213,6264,39353,152865,106,8982,69.0
154077,24945,96768,65536,71822,913920,61032,2496,57309,85,94,85,6213,6264,39411,153124,106,8982,71.0
161757,44359,104448,65536,60102,913920,61032,2496,57309,85,94,85,6213,6264,39469,153376,106,8982,14.0
154589,37758,97280,65536,59521,913920,61032,2496,57309,85,94,85,6213,6264,39539,153652,106,8982,51.0
165341,40932,108032,65536,67099,913920,61032,2496,57309,85,94,85,6213,6264,39602,153923,107,9064,72.0
160733,46428,103424,65536,56995,913920,61032,2496,57309,85,94,85,6213,6264,39667,154189,107,9064,50.0
162269,20662,104960,65536,84297,913920,61032,2496,57309,85,94,85,6213,6264,39729,154452,107,9064,31.0
166365,27280,109056,65536,81775,913920,61032,2496,57309,85,94,85,6213,6264,39791,154721,107,9064,75.0
161245,40225,103936,65536,63710,913920,61032,2496,57309,85,94,85,6213,6264,39853,154989,107,9064,70.0
168925,15706,111616,65536,95909,913920,61032,2496,57309,85,94,85,6213,6264,39916,155257,107,9064,85.0
163805,47453,106496,65536,59042,913920,61032,2496,57309,85,94,85,6213,6264,39981,155524,108,9155,51.0
169949,43810,112640,65536,68829,913920,61032,2496,57309,85,94,85,6213,6264,40032,155766,108,9155,44.0
156125,33610,98816,65536,65205,913920,61032,2496,57309,85,94,85,6213,6264,40099,156030,108,9155,38.0
168925,32776,111616,65536,78839,913920,61032,2496,57309,85,94,85,6213,6264,40164,156302,108,9155,71.0
155101,43702,97792,65536,54089,913920,61032,2496,57309,85,94,85,6213,6264,40227,156571,108,9155,53.0
168925,55245,111616,65536,56370,913920,61032,2496,57309,85,94,85,6213,6264,40293,156841,108,9155,40.0
160733,69239,103424,65536,34184,913920,61032,2496,57309,85,94,85,6213,6264,40361,157119,109,9243,77.0
157661,49993,100352,65536,50358,913920,61032,2496,57309,85,94,85,6213,6264,40427,157391,109,9243,45.0
197085,29661,139776,65536,110114,913920,61032,2496,57309,85,94,85,6213,6264,40482,157656,109,9243,55.0
159709,25284,102400,65536,77115,913920,61032,2496,57309,85,94,85,6213,6264,40541,157910,109,9243,43.0
166877,37322,109568,65536,72245,913920,61032,2496,57309,85,94,85,6213,6264,40599,158161,109,9243,66.0
158685,21455,101376,65536,79934,913920,61032,2496,57309,85,94,85,6213,6264,40664,158431,109,9243,43.0
158173,25171,100864,65536,75692,913920,61032,2496,57309,85,94,85,6213,6264,40730,158698,109,9243,26.0
161245,48593,103936,65536,55356,913920,61032,2496,57309,85,94,85,6213,6264,40794,158973,110,9329,22.0
151517,33430,94208,65536,60777,913920,61032,2496,57309,85,94,85,6213,6264,40862,159238,110,9329,78.0
175069,25370,117760,65536,92389,913920,61032,2496,57309,85,94,85,6213,6264,40927,159513,110,9329,42.0
152029,40678,94720,65536,54053,913920,61032,2496,57309,85,94,85,6213,6264,40992,159784,110,9329,72.0
159197,22155,101888,65536,79733,913920,61032,2496,57309,85,94,85,6213,6264,41054,160050,110,9329,31.0
181213,19759,123904,65536,104144,913920,61032,2496,57309,85,94,85,6213,6264,41116,160308,110,9329,96.0
154077,61055,96768,65536,35720,913920,61032,2496,57309,85,94,85,6213,6264,41182,160578,111,9414,51.0
158173,39723,100864,65536,61153,913920,61032,2496,57309,85,94,85,6213,6264,41249,160848,111,9414,18.0
176605,41979,119296,65536,77316,913920,61032,2496,57309,85,94,85,6213,6264,41311,161112,111,9414,60.0
159714,45944,102400,65536,56455,913920,61032,2496,57314,85,94,85,6213,6264,41376,161389,111,9414,68.0
166882,20634,109568,65536,88947,913920,61032,2496,57314,85,94,85,6213,6264,41440,161656,111,9414,54.0
167906,16735,110592,65536,93856,913920,61032,2496,57314,85,94,85,6213,6264,41503,161925,111,9414,70.0
169421,46023,112128,65536,66104,913920,61032,2496,57293,85,94,85,6213,6264,41568,162201,112,9559,72.0
163277,28508,105984,65536,77475,913920,61032,2496,57293,85,94,85,6213,6264,41630,162457,112,9559,58.0
160205,32201,102912,65536,70710,913920,61032,2496,57293,85,94,85,6213,6264,41689,162729,112,9559,48.0
163789,50249,106496,65536,56246,913920,61032,2496,57293,85,94,85,6213,6264,41755,162997,112,9559,18.0
158669,19203,101376,65536,82172,913920,61032,2496,57293,85,94,85,6213,6264,41815,163255,112,9559,44.0
158669,22195,101376,65536,79192,913920,61032,2496,57293,85,94,85,6213,6264,41879,163532,112,9559,58.0
178637,29336,121344,65536,92007,913920,61032,2496,57293,85,94,85,6213,6264,41943,163805,113,9640,46.0
159693,42307,102400,65536,60092,913920,61032,2496,57293,85,94,85,6213,6264,42010,164079,113,9640,86.0
162253,58657,104960,65536,46302,913920,61032,2496,57293,85,94,85,6213,6264,42074,164353,113,9640,82.0
164813,35326,107520,65536,72193,913920,61032,2496,57293,85,94,85,6213,6264,42138,164627,113,9640,37.0
159693,32149,102400,65536,70264,913920,61032,2496,57293,85,94,85,6213,6264,42206,164906,113,9640,54.0
156621,34159,99328,65536,65168,913920,61032,2496,57293,85,94,85,6213,6264,42267,165171,114,9725,83.0
163789,26538,106496,65536,80133,913920,61032,2496,57293,85,94,85,6213,6264,42315,165380,114,9725,41.0
168909,53390,111616,65536,58225,913920,61032,2496,57293,85,94,85,6213,6264,42371,165636,114,9725,201.0
184269,86296,126976,65536,40679,913920,61032,2496,57293,85,94,85,6213,6264,42412,165877,114,9725,108.0
153549,54115,96256,65536,42140,913920,61032,2496,57293,85,94,85,6213,6264,42464,166124,114,9725,60.0
173517,48928,116224,65536,67295,913920,61032,2496,57293,85,94,85,6213,6264,42520,166390,114,9725,62.0
164813,43514,107520,65536,64006,913920,61032,2496,57293,85,94,85,6213,6264,42583,166660,114,9725,48.0
177613,60954,120320,65536,59365,913920,61032,2496,57293,85,94,85,6213,6264,42644,166930,115,9887,75.0
163277,34945,105984,65536,71038,913920,61032,2496,57293,85,94,85,6213,6264,42709,167190,115,9887,15.0
164813,34167,107520,65536,73352,913920,61032,2496,57293,85,94,85,6213,6264,42769,167459,115,9887,68.0
167373,31410,110080,65536,78683,913920,61032,2496,57293,85,94,85,6213,6264,42830,167718,115,9887,64.0
163277,25251,105984,65536,80732,913920,61032,2496,57293,85,94,85,6213,6264,42884,167969,115,9887,21.0
158157,40047,100864,65536,60816,913920,61032,2496,57293,85,94,85,6213,6264,42948,168232,115,9887,78.0
171981,33924,114688,65536,80763,913920,61032,2496,57293,85,94,85,6213,6264,42991,168475,115,9887,91.0
162253,65932,104960,65536,39051,913920,61032,2496,57293,85,94,85,6213,6264,43049,168737,116,9978,83.0
158157,33568,100864,65536,67295,913920,61032,2496,57293,85,94,85,6213,6264,43114,169009,116,9978,10.0
162253,57789,104960,65536,47185,913920,61032,2496,57293,85,94,85,6213,6264,43175,169277,116,9978,18.0
160205,57229,102912,65536,45682,913920,61032,2496,57293,85,94,85,6213,6264,43243,169555,116,9978,62.0
175053,57525,117760,65536,60234,913920,61032,2496,57293,85,94,85,6213,6264,43306,169823,116,9978,75.0
164301,29827,107008,65536,77180,913920,61032,2496,57293,85,94,85,6213,6264,43364,170086,116,9978,83.0
168909,68126,111616,65536,43489,913920,61032,2496,57293,85,94,85,6213,6264,43423,170362,117,10070,79.0
157133,19810,99840,65536,80029,913920,61032,2496,57293,85,94,85,6213,6264,43486,170636,117,10070,62.0
162253,59295,104960,65536,45664,913920,61032,2496,57293,85,94,85,6213,6264,43555,170914,117,10070,65.0
167885,33557,110592,65536,77034,913920,61032,2496,57293,85,94,85,6213,6264,43617,171181,117,10070,43.0
174541,33415,117248,65536,83832,913920,61032,2496,57293,85,94,85,6213,6264,43682,171451,117,10070,44.0
162253,13953,104960,65536,91006,913920,61032,2496,57293,85,94,85,6213,6264,43739,171703,117,10070,64.0
159181,18269,101888,65536,83618,913920,61032,2496,57293,85,94,85,6213,6264,43806,171970,117,10070,73.0
169421,16704,112128,65536,95423,913920,61032,2496,57293,85,94,85,6213,6264,43870,172240,117,10070,41.0
155597,59642,98304,65536,38661,913920,61032,2496,57293,85,94,85,6213,6264,43941,172519,118,10226,77.0
168397,74735,111104,65536,36368,913920,61032,2496,57293,85,94,85,6213,6264,44012,172795,118,10226,66.0
159181,48512,101888,65536,53390,913920,61032,2496,57293,85,94,85,6213,6264,44079,173061,118,10226,87.0
155597,58188,98304,65536,40141,913920,61032,2496,57293,85,94,85,6213,6264,44149,173341,118,10226,67.0
165325,16697,108032,65536,91334,913920,61032,2496,57293,85,94,85,6213,6264,44215,173613,118,10226,45.0
154061,48966,96768,65536,47801,913920,61032,2496,57293,85,94,85,6213,6264,44282,173888,118,10226,42.0
162253,55147,104960,65536,49812,913920,61032,2496,57293,85,94,85,6213,6264,44350,174161,118,10226,27.0
178125,52506,120832,65536,68325,913920,61032,2496,57293,85,94,85,6213,6264,44407,174442,118,10226,53.0
158669,38834,101376,65536,62541,913920,61032,2496,57293,85,94,85,6213,6264,44474,174698,118,10226,72.0
161741,17542,104448,65536,86905,913920,61032,2496,57293,85,94,85,6213,6264,44542,174971,118,10226,36.0
158669,25987,101376,65536,75388,913920,61032,2496,57293,85,94,85,6213,6264,44605,175243,118,10226,47.0
176589,69231,119296,65536,50072,913920,61032,2496,57293,85,94,85,6213,6264,44678,175528,119,10319,64.0
147917,42078,90624,65536,48555,913920,61032,2496,57293,85,94,85,6213,6264,44743,175785,119,10319,9.0
164301,69287,107008,65536,37720,913920,61032,2496,57293,85,94,85,6213,6264,44812,176063,119,10319,64.0
168397,18678,111104,65536,92425,913920,61032,2496,57293,85,94,85,6213,6264,44884,176338,119,10319,40.0
154061,29052,96768,65536,67725,913920,61032,2496,57293,85,94,85,6213,6264,44957,176618,119,10319,66.0
164301,32433,107008,65536,74574,913920,61032,2496,57293,85,94,85,6213,6264,45027,176901,119,10319,71.0
161229,19615,103936,65536,84320,913920,61032,2496,57293,85,94,85,6213,6264,45094,177172,119,10319,27.0
153549,19859,96256,65536,76396,913920,61032,2496,57293,85,94,85,6213,6264,45165,177449,119,10319,63.0
169933,57077,112640,65536,55562,913920,61032,2496,57293,85,94,85,6213,6264,45230,177727,119,10319,67.0
160205,20261,102912,65536,82664,913920,61032,2496,57293,85,94,85,6213,6264,45298,177995,119,10319,52.0
165325,36028,108032,65536,72003,913920,61032,2496,57293,85,94,85,6213,6264,45369,178274,120,10417,17.0
156621,24743,99328,65536,74584,913920,61032,2496,57293,85,94,85,6213,6264,45438,178545,120,10417,15.0
156109,29873,98816,65536,68942,913920,61032,2496,57293,85,94,85,6213,6264,45508,178826,120,10417,30.0
152013,37374,94720,65536,57346,913920,61032,2496,57293,85,94,85,6213,6264,45579,179107,120,10417,34.0
153534,30367,96256,65536,65888,913920,61032,2496,57278,85,94,85,6213,6264,45649,179382,120,10417,59.0
153022,25570,95744,65536,70173,913920,61032,2496,57278,85,94,85,6213,6264,45721,179660,120,10417,59.0
155070,40875,97792,65536,56916,913920,61032,2496,57278,85,94,85,6213,6264,45788,179930,120,10417,42.0
155070,45644,97792,65536,52156,913920,61032,2496,57278,85,94,85,6213,6264,45857,180205,120,10417,53.0
168894,50911,111616,65536,60704,913920,61032,2496,57278,85,94,85,6213,6264,45926,180484,120,10417,71.0
159678,4564,102400,65536,97835,913920,61032,2496,57278,85,94,85,6213,6264,45992,180756,120,10417,64.0
153022,35438,95744,65536,60316,913920,61032,2496,57278,85,94,85,6213,6264,46065,181034,121,10510,31.0
155070,31113,97792,65536,66678,913920,61032,2496,57278,85,94,85,6213,6264,46136,181312,121,10510,40.0
162238,58933,104960,65536,46026,913920,61032,2496,57278,85,94,85,6213,6264,46208,181593,121,10510,49.0
151998,31093,94720,65536,63626,913920,61032,2496,57278,85,94,85,6213,6264,46281,181866,121,10510,60.0
157630,52423,100352,65536,47928,913920,61032,2496,57278,85,94,85,6213,6264,46350,182144,121,10510,55.0
163774,34924,106496,65536,71571,913920,61032,2496,57278,85,94,85,6213,6264,46418,182416,121,10510,53.0
169918,25714,112640,65536,86925,913920,61032,2496,57278,85,94,85,6213,6264,46486,182696,121,10510,71.0
162750,42912,105472,65536,62559,913920,61032,2496,57278,85,94,85,6213,6264,46546,182953,121,10510,27.0
161726,34505,104448,65536,69942,913920,61032,2496,57278,85,95,85,6213,6264,46579,183441,121,10510,89.0
258003,75344,200704,65536,125367,913920,61032,2496,57299,85,95,85,6213,6264,46597,184457,121,10510,64.0
183251,43268,125952,65536,82683,913920,61032,2496,57299,85,95,85,6213,6264,46622,184665,121,10510,80.0
242643,28326,185344,65536,157017,913920,61032,2496,57299,85,95,85,6213,6264,46655,184905,122,10636,69.0
214494,72503,157184,65536,84680,913920,61032,2496,57310,85,95,85,6213,6264,46693,185139,122,10636,83.0
198622,39320,141312,65536,101991,913920,61032,2496,57310,85,95,85,6213,6264,46739,185380,122,10636,79.0
190430,27536,133120,65536,105583,913920,61032,2496,57310,85,95,85,6213,6264,46789,185633,123,10708,60.0
187358,49573,130048,65536,80474,913920,61032,2496,57310,85,95,85,6213,6264,46838,185886,123,10708,29.0
204254,70150,146944,65536,76793,913920,61032,2496,57310,85,95,85,6213,6264,46885,186144,123,10708,95.0
182750,87489,125440,65536,37950,913920,61032,2496,57310,85,95,85,6213,6264,46933,186392,124,10782,30.0
201182,53148,143872,65536,90723,913920,61032,2496,57310,85,95,85,6213,6264,46977,186637,124,10782,80.0
176606,56518,119296,65536,62777,913920,61032,2496,57310,85,95,85,6213,6264,47007,186888,124,10782,64.0
173022,52010,115712,65536,63701,913920,61032,2496,57310,85,95,85,6213,6264,47055,187151,125,10856,30.0
171486,22036,114176,65536,92139,913920,61032,2496,57310,85,95,85,6213,6264,47100,187394,125,10856,89.0
181726,14258,124416,65536,110178,913920,61032,2496,57310,85,95,85,6213,6264,47148,187646,125,10856,82.0
203230,93881,145920,65536,52038,913920,61032,2496,57310,85,95,85,6213,6264,47191,187908,126,10928,71.0
185822,69676,128512,65536,58835,913920,61032,2496,57310,85,95,85,6213,6264,47236,188144,126,10928,105.0
163806,24815,106496,65536,81680,913920,61032,2496,57310,85,95,85,6213,6264,47289,188405,126,10928,49.0
183262,29710,125952,65536,96241,913920,61032,2496,57310,85,95,85,6213,6264,47332,188668,127,11006,65.0
162270,45370,104960,65536,59589,913920,61032,2496,57310,85,95,85,6213,6264,47382,188933,127,11006,27.0
193502,106360,136192,65536,29831,913920,61032,2496,57310,85,95,85,6213,6264,47431,189203,128,11097,112.0
199134,23007,141824,65536,118816,913920,61032,2496,57310,85,95,85,6213,6264,47473,189444,128,11097,99.0
184286,41154,126976,65536,85821,913920,61032,2496,57310,85,95,85,6213,6264,47519,189689,128,11097,83.0
169950,43100,112640,65536,69539,913920,61032,2496,57310,85,95,85,6213,6264,47564,189927,129,11262,28.0
179166,25950,121856,65536,95905,913920,61032,2496,57310,85,95,85,6213,6264,47604,190166,129,11262,11.0
175070,23751,117760,65536,94008,913920,61032,2496,57310,85,95,85,6213,6264,47644,190406,129,11262,28.0
172510,67271,115200,65536,47928,913920,61032,2496,57310,85,95,85,6213,6264,47686,190654,130,11337,81.0
178142,58505,120832,65536,62365,913920,61032,2496,57310,85,95,85,6213,6264,47731,190901,130,11337,90.0
167390,21036,110080,65536,89043,913920,61032,2496,57310,85,95,85,6213,6264,47773,191142,130,11337,114.0
203742,102225,146432,65536,44206,913920,61032,2496,57310,85,95,85,6213,6264,47817,191404,131,11412,120.0
218590,35289,161280,65536,125990,913920,61032,2496,57310,85,95,85,6213,6264,47859,191654,131,11412,106.0
182238,61087,124928,65536,63840,913920,61032,2496,57310,85,95,85,6213,6264,47901,191881,132,11526,61.0
190942,49065,133632,65536,84566,913920,61032,2496,57310,85,95,85,6213,6264,47946,192116,132,11526,60.0
192478,64950,135168,65536,70217,913920,61032,2496,57310,85,95,85,6213,6264,47998,192369,132,11526,30.0
183262,56406,125952,65536,69586,913920,61032,2496,57310,85,95,85,6213,6264,48040,192605,133,11603,102.0
174559,35163,117248,65536,82101,913920,61032,2496,57311,85,95,85,6213,6264,48086,192854,133,11603,45.0
192991,51888,135680,65536,83791,913920,61032,2496,57311,85,95,85,6213,6264,48134,193109,133,11603,61.0
183775,57798,126464,65536,68665,913920,61032,2496,57311,85,95,85,6213,6264,48181,193353,134,11668,129.0
179679,13147,122368,65536,109220,913920,61032,2496,57311,85,95,85,6213,6264,48228,193588,134,11668,73.0
181215,78352,123904,65536,45551,913920,61032,2496,57311,85,95,85,6213,6264,48274,193841,135,11737,107.0
183265,82906,125952,65536,43066,913920,61032,2496,57313,85,95,85,6213,6264,48318,194085,135,11737,83.0
171489,45610,114176,65536,68581,913920,61032,2496,57313,85,95,85,6213,6264,48369,194333,135,11737,67.0
186337,80212,129024,65536,48811,913920,61032,2496,57313,85,95,85,6213,6264,48416,194583,136,11808,33.0
188897,22948,131584,65536,108635,913920,61032,2496,57313,85,95,85,6213,6264,48465,194834,136,11808,41.0
179169,14305,121856,65536,107550,913920,61032,2496,57313,85,95,85,6213,6264,48510,195089,136,11808,84.0
164827,51150,107520,65536,56369,913920,61032,2496,57307,85,95,85,6213,6264,48560,195346,137,11876,48.0
155099,33650,97792,65536,64141,913920,61032,2496,57307,85,95,85,6213,6264,48569,195376,137,11876,6.0
155099,33582,97792,65536,64209,913920,61032,2496,57307,85,95,85,6213,6264,48569,195376,137,11876,6.0
155090,33518,97792,65536,64273,913920,61032,2496,57298,85,95,25,6213,6264,48569,195376,137,11876,6.0
155090,33453,97792,65536,64338,913920,61032,2496,57298,85,95,25,6213,6264,48569,195376,137,11876,6.0
155119,33394,97792,65536,64397,913920,61032,2496,57327,85,95,25,6213,6264,48569,195376,137,11876,6.0
155116,33331,97792,65536,64468,913920,61032,2496,57324,85,95,25,6213,6264,48569,195376,137,11876,6.0
155116,33265,97792,65536,64526,913920,61032,2496,57324,85,95,25,6213,6264,48569,195376,137,11876,6.0
155116,33217,97792,65536,64574,913920,61032,2496,57324,85,95,25,6213,6264,48569,195376,137,11876,6.0
155116,33139,97792,65536,64652,913920,61032,2496,57324,85,95,25,6213,6264,48569,195376,137,11876,6.0
155116,33073,97792,65536,64718,913920,61032,2496,57324,85,95,25,6213,6264,48569,195376,137,11876,6.0
155116,33010,97792,65536,64781,913920,61032,2496,57324,85,95,25,6213,6264,48569,195376,137,11876,6.0
155116,32942,97792,65536,64849,913920,61032,2496,57324,85,95,25,6213,6264,48569,195376,137,11876,6.0
